campaign_id,campaign_name,start_date,end_date,channel,budget,total_campaign_revenue,ROI
M08,Iterate Innovative Roi,2025-03-15,2025-03-24,Meta,9207.52,1874508.29,204%
M03,Strategize Interactive Communities,2025-06-19,2025-07-15,Referral,16358.82,1784933.82,109%
M07,Extend Real-Time E-Markets,2025-09-09,2025-10-08,Google,18498.86,2011836.52,109%
M06,Incentivize Real-Time Technologies,2025-08-31,2025-09-21,Referral,15944.36,1728255.9,108%
M02,Aggregate Transparent Schemas,2025-05-26,2025-06-18,Google,15843.6,1688364.77,107%
M04,Extend Integrated Architectures,2025-10-05,2025-10-23,Influencer,40772.13,1683858.52,41%
M05,Morph Strategic E-Commerce,2025-03-27,2025-04-05,Influencer,48168.4,1865115.16,39%
M01,Generate Clicks-And-Mortar Schemas,2025-03-31,2025-04-12,Meta,46312.2,1745283.18,38%
